{"best params": {"epsilon": 9.353330206496102e-06, "gamma": 0.18696125197741642, "variance": 0.06726393087930424}, "best CV score": 0.40279356438882585, "model size": 0.615212}
