{"best params": {"c1": 0.010654854882091423, "c2": 0.019434876290105218}, "best CV score": 0.39040000528322655, "model size": 0.440408}