{"best params": {"c1": 0.026879864242182753, "c2": 0.06330921936313136}, "best CV score": 0.43622789749236374, "model size": 0.441848}