{"best params": {"c1": 0.004443479784145204, "c2": 0.06586742498279677}, "best CV score": 0.37183729913857255, "model size": 0.552168}