{"best params": {"averaging": true, "c": 1.2270959073870447, "error_sensitive": true, "pa_type": 2}, "best CV score": 0.4122848306795359, "model size": 1.0921}
