{"best params": {"c1": 0.01805844576927256, "c2": 0.07840722171200643}, "best CV score": 0.44079573930123894, "model size": 0.474952}