{"best params": {"averaging": true, "c": 0.06726393087930424, "error_sensitive": false, "pa_type": 0}, "best CV score": 0.5940544449167297, "model size": 0.616488}
