{"best params": {"c1": 0.08315938535648837, "c2": 0.0030569165609131304}, "best CV score": 0.428857661728272, "model size": 0.26412}