{"best params": {"c1": 0.019102135726713505, "c2": 0.03012073138552095}, "best CV score": 0.35975290189414943, "model size": 0.423952}