{"best params": {"c1": 0.04317818914739056, "c2": 0.013323666167003465}, "best CV score": 0.36620371610191577, "model size": 0.335328}