{"best params": {"c1": 0.008511065386959126, "c2": 0.011033740024336741}, "best CV score": 0.3380905408248245, "model size": 0.55082}