{"best params": {"epsilon": 1.0862557985649805e-05}, "best CV score": 0.5180979669893158, "model size": 0.943444}
