{"best params": {"epsilon": 3.455155120024023e-06}, "best CV score": 0.7115904169570896, "model size": 0.544312}
