{"best params": {"c1": 0.0932000357948577, "c2": 0.003239918596803878}, "best CV score": 0.3718102758388338, "model size": 0.26274}