{"best params": {"c1": 0.0022039945681329902, "c2": 0.025032808250584244}, "best CV score": 0.385387034457399, "model size": 0.559172}