{"best params": {"c1": 0.0024106904746358, "c2": 0.025978392646723292}, "best CV score": 0.36817025582827373, "model size": 0.529112}