{"best params": {"c1": 0.0028573041927557655, "c2": 0.009657616580706371}, "best CV score": 0.37028983155182016, "model size": 0.499632}