{"best params": {"c1": 0.009028546549359582, "c2": 0.025127034211060106}, "best CV score": 0.3828060180613091, "model size": 0.462192}