{"best params": {"epsilon": 5.983876860868068e-07}, "best CV score": 0.40083097011066676, "model size": 1.030072}
