{"best params": {"epsilon": 3.5035574751583125e-05}, "best CV score": 0.5321777298975016, "model size": 0.939392}
