{"best params": {"c1": 0.044796464018551134, "c2": 0.028953371761155297}, "best CV score": 0.43876519103380557, "model size": 0.375004}