{"best params": {"c1": 0.028546017137801978, "c2": 0.0857862116302641}, "best CV score": 0.3622923165036937, "model size": 0.4618}