{"best params": {"c1": 0.22194633620811624, "c2": 0.006157505230222483}, "best CV score": 0.38966723688024557, "model size": 0.27616}
