{"best params": {"c1": 0.0018501755918718913, "c2": 0.005157716672409576}, "best CV score": 0.3673497889557076, "model size": 0.47184}