{"best params": {"c1": 0.002956101874058793, "c2": 0.053549887867621895}, "best CV score": 0.3848994772842927, "model size": 0.628968}