{"best params": {"c1": 0.005958319882094519, "c2": 0.021339803029179618}, "best CV score": 0.4489160685190127, "model size": 0.491292}