{"best params": {"c1": 0.009083487069775832, "c2": 0.06312194906189195}, "best CV score": 0.3848488886524879, "model size": 0.512052}