{"best params": {"c1": 0.047635790984753235, "c2": 0.006016894327214076}, "best CV score": 0.291819139398476, "model size": 0.400812}