{"best params": {"averaging": true, "c": 0.22697742213232475, "error_sensitive": true, "pa_type": 2}, "best CV score": 0.43544555529605544, "model size": 1.0713}
