{"best params": {"averaging": true, "c": 1.2270959073870447, "error_sensitive": true, "pa_type": 2}, "best CV score": 0.3965074121847198, "model size": 1.5527}
