{"best params": {"c1": 0.020449559676437225, "c2": 0.03682922700082247}, "best CV score": 0.375839351161593, "model size": 0.44896}