{"best params": {"c1": 0.01017137569702615, "c2": 0.007182321625233904}, "best CV score": 0.44313511694959457, "model size": 0.409244}