{"best params": {"epsilon": 2.400422887393024e-05}, "best CV score": 0.4687589437479051, "model size": 1.386512}
